No,NAMOBJ,Penemuan,JumlahBalita,NTL,AOD,PM10,CO,SO2,NO2,NDVI,NDWI,CurahHujanSum,Kemiskinan,Kepadatan,Sanitasi,AirMinum,GiziKurang,IMD,PuskesJml,RasioPuskesmas,RokokPerkapita,VitA,VitA_P,Latitude,Longitude,LatitudeOSM,LongitudeOSM,Imunisasi_P,BBLR_P,RLSPr,AirMinumLayak,Variabel Signifikan
1,Kota Tangerang,5825,236301,24.2596734235829,0.322723032714412,38.3477696905393,0.0391237760279134,0.000067,0.000147,0.249735713002297,-0.205667843855575,1584.62875834709,5.89,10937,94.95,97.12,3228,59.67,39,16.5043736590196,12.531,90040,0,-6.1783,106.6319,-6.1783,106.6319,69.22,6.7,10.53,97.12,X4
2,Kota Cilegon,1130,45824,14.4972723556606,0.256462025316455,31.1968817721518,0.0352673392613411,0.000203,0.000137,0.425634558955596,-0.338638624460359,2047.17674051757,3.98,2772,96.23,99.18,677,65.45,9,19.6403631284916,19.05,29916,0,-6.017,106.0405,-6.0125,106.05,63.33,6.03,10.05,99.18,X4
3,Kota Tangerang Selatan,3505,91095,22.2988667703673,0.313,37.29846,0.0383192124715257,0.000085,0.00016,0.325522992393017,-0.292546692191521,1977.30213042506,2.57,8441,99.29,97.91,942,66.09,35,38.4214281793732,12.047,98451,0,-6.2889,106.7181,-6.2884,106.7214,48.21,19.39,11.28,97.91,X4
4,Kota Serang,2355,62722,6.1876079797924,0.292334031657355,35.0681886964618,0.0352547295395322,0.000118,0.000102,0.45429708006162,-0.398157846152026,1631.71581880048,6.2,2723,92.36,96.72,2171,72.72,16,25.509390644431,19.068,11474,0,-6.1201,106.1503,-6.1139,106.15,32.24,14.58,8.5,96.72,X4
5,Tangerang,11404,3273321,9.11272475147312,0.313338503692278,37.3349913184706,0.0378990734286196,0.000093,0.000117,0.368724837724567,-0.325300271745818,1743.07296528576,6.93,3272,87.75,97.02,4933,70.76,44,1.34420058405515,16.957,173441,0,-6.1783,106.6319,-6.2415,106.4382,48.34,16.26,8.56,97.02,X4
6,Lebak,2425,132050,0.777086232431746,0.213625072287763,26.5739178012954,0.0312447332892037,0.000077,0.000066,0.704946670486015,-0.566284811495559,2797.01070452014,8.68,433,68.83,75.64,2794,65.93,43,32.5634229458538,24.402,88656,0,-6.5644,106.2522,-6.5614,106.2539,47.65,21.76,6.26,75.64,X4
7,Pandeglang,1626,127777,0.722302190595615,0.182579314581768,23.2234596296644,0.0322748251478136,0.000083,0.000056,0.69110983387537,-0.588776722949075,2628.37784659101,9.27,474,62.08,78.11,2883,59.68,36,28.1740845379059,24.056,79330,0,-6.3148,106.1039,-6.3101,106.104,33.96,15.96,6.68,78.11,X4
8,Serang,5377,143224,2.88704540605582,0.271436298460752,32.8129053298844,0.0347950092482254,0.000127,0.000101,0.529333990958627,-0.434589428821245,2053.4906372061,4.85,1144,84.07,94.62,6199,65.39,31,21.6444171367927,23.919,96159,0,-6.1201,106.1503,-6.1439,106.2994,44.79,14.15,7.41,94.62,X4
9,Kota Adm. Jakarta Pusat,2544,64124,48.2471483065879,0.304,36.32718,0.0386495379238784,0.000067,0.000177,0.192727579643801,-0.141117180657946,1317.89024258345,4.68,22061,93.09,67.25,620,96.33,8,12.475828083089,11.172,28759,89.5,-6.2115,106.8452,-6.1751,106.8272,99.1,1.63,11.31,99.92,X4
10,Kota Adm. Jakarta Utara,4965,122833,31.012810299726,0.297703594527363,35.647671921393,0.0381889517749946,0.000061,0.000128,0.197204770795024,-0.18929092374447,1400.06278439669,6.78,12288,90.96,100,586,91.48,6,4.88468082681364,12.645,47695,82.9,-6.2115,106.8452,-6.1389,106.8632,99.7,1.07,10.42,98.13,X4
11,Kota Adm. Jakarta Barat,11684,168556,31.7794914710826,0.325519047619047,38.6495156190476,0.0395103610050651,0.00005,0.000161,0.185198505632037,-0.128559367117523,1435.02294984006,4.09,19760,93.96,43.23,1595,94.48,8,4.74619710956596,12.98,52591,95.7,-6.2115,106.8452,-6.167,106.7663,99.7,0.39,10.82,99.13,X4
12,Kota Adm. Jakarta Selatan,7567,144205,29.772071790061,0.279564006024096,33.6900475301204,0.0382396822488726,0.000054,0.000183,0.264942379939136,-0.231193534586398,1765.72153682444,3.1,15424,94.46,80.65,566,72,10,6.93457231025277,9.837,41121,85.7,-6.333,106.8079,-6.2615,106.8101,99.4,0.52,11.54,99.85,X4
13,Kota Adm. Jakarta Timur,7741,211091,25.6195435121597,0.286,34.38462,0.0375791224470846,0.000067,0.000157,0.244158087954335,-0.234674652094931,1640.56092114401,4.2,16598,94.19,55.38,808,84.4,10,4.73729339479182,10.517,87247,93.3,-6.2115,106.8452,-6.225,106.8852,97.4,0.48,11.72,100,X4
14,Adm. Kep. Seribu,56,2428,1.46013947199794,0.38165,44.707168,0.0339358563002095,0.00009,0.000061,0.607642779918334,-0.489520404365874,1460.64964818954,13.13,2659,82.55,50,80,93.17,2,82.3723228995058,19.576,1741,90.5,-5.7985,106.5072,-5.6907,106.4995,100,10.56,8.74,91.51,X4
15,Bandung,8378,375138,2.42812770550396,0.13024638143891,17.5756894848872,0.0275242150379414,0.000084,0.000058,0.623393965482631,-0.552466918425679,2469.79109121899,6.4,2138,66.67,90.91,8893,97.8,62,16.5272513048532,16.575,220486,97.9,-6.9147,107.6098,-7.0149,107.6109,90.91,3.06,8.93,95.73,"X1, X4"
16,Bandung Barat,2343,170960,1.71604698906577,0.165386925173656,21.368056964741,0.0303682485738979,0.000069,0.000066,0.600804378020222,-0.497845430007152,2301.73533217337,10.52,1449,56.93,38.1,3246,92.6,32,18.7178287318671,18.788,105963,96.3,-6.8937,107.4322,-6.8541,107.4882,99.7,2.1,7.86,92.27,"X1, X4"
17,Bekasi,1789,306028,8.45098738973652,0.278397377835991,33.5641450160602,0.0356590154483887,0.000089,0.000098,0.372359376700703,-0.355168305071234,1604.75361409651,4.93,2588,91.54,100,3148,86.5,51,16.6651417517351,14.96,215985,73.4,-6.2333,107,-6.2349,107.1439,97,0.59,9.17,96.95,X4
18,Bogor,4403,616535,3.56157511424762,0.23533698129519,28.9170670213769,0.0331295016828081,0.000094,0.000092,0.60361371588542,-0.470350103929011,2885.17898107976,7.27,1881,71.49,53.93,9332,85.6,101,16.3818761303089,16.94,334548,77.5,-6.6,106.8,-6.5953,106.7995,97.1,1.4,8.03,91.9,X4
19,Ciamis,4444,126788,1.11658178263863,0.0980912794033276,14.1055108732071,0.029750745724863,0.00009,0.000049,0.695912007985641,-0.384957735383941,2347.0838318615,7.42,784,71.38,28.76,2498,95.1,37,29.1825724832003,17.15,64414,99.5,-7.3333,108.35,-7.3269,108.353,107,5.21,7.89,94.39,"X1, X3, X4"
20,Cianjur,7934,245342,0.848603720649781,0.139427780882413,18.56654611283,0.0300373643867317,0.000074,0.000053,0.681636609458984,-0.573555577846844,2668.00654221706,10.22,704,63.83,85.14,3300,89.1,47,19.1569319562081,21.222,140143,94.3,-6.8173,107.1307,-6.8202,107.1399,100.5,2.81,6.75,85.65,"X1, X4"
21,Cirebon,7531,238007,3.1705286827425,0.227886923572605,28.1130567919555,0.0333400129624616,0.000077,0.000061,0.40744919288145,-0.396120668026993,1803.16299672555,11.2,2202,89.02,47.18,8358,80.3,60,25.209342582361,16.678,181698,98.3,-6.7155,108.564,-6.7155,108.564,123.8,2.94,7.21,98.52,"X1, X3, X4"
22,Garut,2634,262872,0.858804926756894,0.135264367816091,18.1172305747125,0.0276857113542021,0.00008,0.000047,0.696720333540916,-0.58700630962088,2306.23537895876,9.77,865,54.68,55.85,7147,88.5,67,25.4876898262272,16.753,164685,96.7,-7.2279,107.9087,-7.2279,107.9087,96.3,4,7.49,81.13,"X1, X3, X4"
23,Indramayu,4381,178936,2.01188355404107,0.239431642311279,29.3589628382332,0.0338398307800033,0.000084,0.000062,0.352314501999503,-0.362264709737155,1523.09830987592,12.13,912,95.9,100,5564,97.7,49,27.3840926364734,21.096,93118,98.2,-6.3363,108.3251,-6.3363,108.3251,99.4,4.28,6.36,97.77,"X1, X3, X4"
24,Karawang,3599,238205,3.58483721637121,0.298074596357053,35.6877104388532,0.0347320101028178,0.000094,0.000077,0.40699419035943,-0.374376326726374,1550.01035421794,7.87,1320,83.02,56.41,2373,77.8,50,20.9903234608845,19.844,139517,96.9,-6.3227,107.3376,-6.3035,107.3148,99.6,3.4,7.48,98.11,"X1, X4"
25,Kota Bandung,5713,252784,17.4766404061792,0.186314486830154,23.6265594187102,0.0311850823223117,0.000092,0.00008,0.274100503127263,-0.305294002568287,1848.65801506088,3.96,15047,56.01,76.32,3390,96.1,80,31.6475726311792,14.885,89666,94.1,-6.9147,107.6098,-6.9147,107.6098,82.7,1.63,10.71,97.67,"X1, X4"
26,Kota Banjar,410,20627,1.85382363998325,0.1485,19.54562,0.0313350933869289,0.00011,0.00005,0.593599670175584,-0.43626462346691,2163.08568105442,6.14,1584,89.06,3.45,683,86.8,10,48.480147379648,17.112,10042,100,-7.3667,108.5333,-7.3694,108.5314,95.5,4.84,8.52,94.34,"X1, X3, X4"
27,Kota Bekasi,2187,317169,22.6493496746866,0.297125,35.58523,0.036870479581199,0.000091,0.000137,0.255133082746402,-0.261066027317845,1748.15261579285,4.1,12332,98.52,90.91,4859,91.3,48,15.1338876119671,11.568,113665,94.4,-6.2333,107,-6.2383,106.9756,84.3,0.53,11.66,98.77,X4
28,Kota Bogor,3552,111401,14.9087555188658,0.296709709567198,35.540411856492,0.0347582660647291,0.000115,0.000109,0.393416426924745,-0.369064928948259,3366.42746459029,6.67,9614,74.36,100,1581,92,25,22.4414502562814,14.132,62779,93.4,-6.6,106.8,-6.595,106.7984,96.9,2.15,10.24,99.61,X4
29,Kota Cimahi,4994,56075,12.0171900743912,0.201416666666666,25.2563866666666,0.0315729617088177,0.000091,0.000084,0.301123690455568,-0.322364136342521,1770.93302530777,4.66,13924,76.37,28.82,869,89.6,13,23.1832367365136,11.874,26322,99.8,-6.8802,107.5355,-6.8802,107.5355,94.5,1.84,10.98,97.36,"X1, X4"
30,Kota Cirebon,3226,32225,10.1785170297928,0.2364,29.031788,0.0338392798597515,0.000109,0.000068,0.330368903314899,-0.350612874194168,1860.88733546271,9.16,8671,93.27,100,1074,81.4,22,68.2699767261443,11.346,16052,99.5,-6.7155,108.564,-6.7228,108.5553,84.7,7.17,10.12,99.57,"X1, X3, X4"
31,Kota Depok,2173,189332,17.0546521428878,0.283,34.06086,0.037215017880723,0.000109,0.000135,0.310660162508926,-0.293873850598082,2386.78245055897,2.38,10732,97.43,100,2543,100,38,20.0705638772104,13.203,92662,94.8,-6.39,106.83,-6.3974,106.8224,95.5,0.84,11.28,99.56,X4
32,Kota Sukabumi,1444,35754,6.64678807192306,0.2065,25.80498,0.0304631268060397,0.000112,0.000067,0.425856470888186,-0.403550752529363,2866.48625557057,7.5,7465,44.76,100,961,72.4,15,41.9533478771606,15.271,19085,98.5,-6.9241,106.9222,-6.9221,106.9259,96.9,4.87,10.09,98.74,X4
33,Kota Tasikmalaya,1711,69158,5.74555636916449,0.157619547657512,20.5298015831987,0.0296769670545419,0.000101,0.00005,0.547435181090372,-0.387019788212785,2481.07064301589,11.53,4033,56.25,78.95,1786,43.6,22,31.8112148992163,15.253,38802,100,-7.328,108.2141,-7.3284,108.2141,99.5,4.49,9.31,95.84,"X1, X3, X4"
34,Kuningan,1969,110611,1.48739191521004,0.17326729865964,22.2185068713484,0.0300646364497943,0.000086,0.000052,0.64917995496877,-0.550434944465113,2277.73042986249,12.12,1007,83.03,45.74,2299,72,37,33.4505609749483,18.814,62351,101.3,-6.9833,108.4833,-6.9833,108.4833,98.4,7.03,7.63,96.57,"X1, X3, X4"
35,Majalengka,4573,123327,1.55789695304239,0.204847883597883,25.6266835978835,0.0313391793968491,0.000074,0.00006,0.523765145831019,-0.48228243429151,2170.59282783944,11.21,1008,82.67,100,1930,88.2,32,25.9472783737543,18.586,70422,98.9,-6.8531,108.2259,-6.8531,108.2259,99.1,5.39,7.2,93.38,"X1, X3, X4"
36,Pangandaran,579,42762,0.717435320584158,0.10600399122807,14.9594507333333,0.0299255112000315,0.000087,0.000044,0.716910915613617,-0.477443653646423,2098.99094455998,8.98,382,86.91,25,340,81.6,15,35.0778728777887,17.023,21023,99.6,-7.6151,108.4988,-7.6151,108.4988,102.6,6.18,7.77,82.95,"X1, X3, X4"
37,Purwakarta,3797,96537,2.06131596852269,0.22154490533134,27.4286261833582,0.0329336766602407,0.000102,0.000079,0.552977857209848,-0.462823267016204,2343.32088992026,8.46,1044,77.33,39.09,854,83.1,20,20.7174451246672,21.527,61585,98.9,-6.5387,107.4499,-6.5387,107.4499,100.9,2.93,7.69,85.4,"X1, X4"
38,Subang,3896,160219,1.68559425702768,0.22784974817211,28.1090448227341,0.0328410256180885,0.000085,0.000069,0.527704550101972,-0.480420524647477,1901.15989701718,9.52,762,89.4,100,1894,85,40,24.9658280228937,21.826,75610,99.6,-6.5694,107.7524,-6.5694,107.7524,103.2,2.08,7.12,99.22,"X1, X4"
39,Sukabumi,4075,255148,0.797694143818268,0.139434106950863,18.5672288221371,0.0301068538442519,0.000086,0.000057,0.675980855652583,-0.566972735101833,2665.65975598773,7.01,673,53.21,75.13,6871,82.1,58,22.7319046200637,18.383,167311,98.5,-6.9241,106.9222,-6.9241,106.9222,101.7,5.21,7.08,85.72,X4
40,Sumedang,7047,118762,1.23698106944558,0.166458859427609,21.4837401094276,0.0302560497753239,0.000064,0.000059,0.645107594803731,-0.568442378693162,2334.09061473913,9.36,752,72.55,51.57,2665,90.6,35,29.4707061181186,18.955,61149,98.5,-6.096,110.0331,-6.8493,107.842,99,3.86,8.48,95.42,"X1, X3, X4"
41,Tasikmalaya,3794,179103,0.903719786456785,0.09514329580348,13.7873644831116,0.0286891572423034,0.000081,0.000045,0.736613822050912,-0.471605743496694,2310.89278266366,10.28,705,51.33,62.53,3527,83.4,40,22.3335175848534,16.85,85525,96,-7.328,108.2141,-7.3491,108.2166,95.4,4.97,7.83,89.03,"X1, X3, X4"
42,Cilacap,1514,201321,1.59095896021726,0.131294777350192,17.6888323716327,0.0305422995646188,0.000114,0.000052,0.599302361779102,-0.420731539702472,2184.73145482498,10.99,864,80.38,99.4,4265,92.28,38,18.8753284555511,14.416,93782,98,-7.7333,109,-7.7333,109,90.8,5.5,6.97,88.75,"X3, X4"
43,Banyumas,824,182207,1.70293637587272,0.130101212881639,17.5600228941865,0.029943182681562,0.000127,0.00005,0.636251349845407,-0.458815423289079,2292.3457168395,12.53,1314,83,100,4041,81.11,40,21.9530533953141,14.003,85882,94.7,-7.4832,109.1404,-7.4832,109.1404,94.5,8.3,7.54,93.57,"X3, X4"
44,Purbalingga,2627,103176,1.31073314251379,0.125280890095426,17.0398136590984,0.0292538660159025,0.000136,0.00005,0.661274409609855,-0.510708681239202,2892.30885618716,14.99,1275,77.19,75.58,3324,77.95,22,21.3227882453284,14.641,48388,86.3,-7.3907,109.3638,-7.3907,109.3638,102,5.1,7.11,82.82,"X3, X4"
45,Banjarnegara,3173,105043,1.06660687543052,0.104789250839182,14.8283559505645,0.028007392801053,0.000105,0.000049,0.695585635914799,-0.539719376540621,2537.56005583364,14.9,915,46.09,100,2265,66.87,35,33.3196881277191,12.955,52558,97.9,-7.4027,109.6814,-7.4027,109.6814,87.8,7.7,6.61,87.56,X4
46,Kebumen,4643,139154,1.06617109498989,0.143928571428571,19.0522714285714,0.0305542939123147,0.000114,0.000047,0.610393765300422,-0.484867915146992,2348.81572469142,16.34,1048,93.68,100,3234,93.18,35,25.1519898817138,10.943,141778,98.7,-7.6787,109.6565,-7.6787,109.6565,88.4,6.4,7.43,87.34,X4
47,Purworejo,195,78275,0.948907690505804,0.13925,18.54736,0.0303082402158223,0.000114,0.000048,0.650792101114248,-0.537192683153197,2063.52693234311,11.33,729,81.43,86.81,1667,87.69,27,34.493771957841,10.375,13963,99.9,-7.7097,110.008,-7.7097,110.008,107.2,6.9,8.01,91.26,Tidak Ada Variabel yang Signifikan
48,Wonosobo,1700,90595,1.03081564304549,0.0809023624953857,12.250482960502,0.0274572360356324,0.000103,0.000049,0.704237328134037,-0.56144257764816,2482.96433275877,15.58,899,58.14,100,1506,95.04,24,26.4915282300348,8.7,43600,97.2,-7.3621,109.8994,-7.3621,109.8994,95.1,7,6.71,94.61,Tidak Ada Variabel yang Signifikan
49,Magelang,617,131933,1.501989346456,0.131135416666666,17.6716341666666,0.02923858908117,0.000117,0.000055,0.628323433117918,-0.511085714017982,2250.62250633508,10.96,1178,85.14,99.55,3685,92.11,29,21.9808539182767,10.811,64004,99.8,-7.4813,110.2138,-7.4813,110.2138,90.8,6.1,7.38,97.5,Tidak Ada Variabel yang Signifikan
50,Boyolali,823,108946,2.15312061764152,0.177329695647245,22.6569207542507,0.0303945474899111,0.000109,0.000059,0.518396737462658,-0.484358564370027,2172.87609992263,9.81,994,89.31,98.98,2666,94.36,25,22.9471481284306,13.634,48822,99.7,-7.5238,110.5959,-7.5238,110.5959,100.5,4.5,7.52,94.36,X1
51,Klaten,2656,128415,3.64795508278427,0.17027737625337,21.8958344452637,0.0305402209174836,0.000089,0.000058,0.526607974329809,-0.478834779312086,1775.6359655436,12.28,1839,97.16,87.06,4049,90.39,34,26.4766577113266,11.562,57441,98.7,-7.7117,110.5955,-7.7117,110.5969,86,7.2,8.68,99.52,X1
52,Sukoharjo,1306,92144,4.38334768985534,0.176537566293459,22.5714341543901,0.0310878148137717,0.00011,0.000059,0.466345742464368,-0.440868730680234,1910.81001797039,7.58,1890,95.68,92.13,2222,95.98,12,13.0230942872026,11.571,41104,99.9,-7.6809,110.8195,-7.6809,110.8195,82.6,4.6,9.47,99.71,X1
53,Wonogiri,331,106466,1.06558594412787,0.135247132160377,18.1153705027479,0.0283123276183814,0.000108,0.000048,0.556562943174937,-0.511310077583836,2000.07923095363,10.94,552,96.12,92.93,2423,83.48,34,31.935077865234,13.098,38767,97.8,-7.8178,110.9206,-7.8178,110.9206,82.3,7.6,7.32,96.57,X1
54,Karanganyar,2871,95631,2.58325402720519,0.159541344371928,20.7372018846185,0.0293011661694372,0.000102,0.000057,0.571296898589714,-0.491345607301143,2442.83199150022,9.79,1189,97.03,92.26,1789,66.76,21,21.9594064686137,12.107,47440,100,-7.5961,110.9508,-7.5961,110.9508,94.4,4.8,8.6,98.48,X1
55,Sragen,282,100066,2.20337581390541,0.183272214353163,23.2982373729934,0.032046708369711,0.000117,0.00006,0.497560261316395,-0.454962181049674,2060.0088281571,12.87,1003,95.3,99.4,2786,86.62,25,24.9835108828173,13.614,30223,64.8,-7.4302,111.0213,-7.4302,111.0213,88.6,5.8,7.38,98.14,X1
56,Grobogan,1411,147910,1.30768610950282,0.185788199198891,23.5697624575443,0.0319325731741988,0.000108,0.000059,0.452839258050247,-0.446009622712414,1931.17093829959,11.72,738,90.49,97.47,3843,96.2,30,20.2826042863904,15.517,28866,83.9,-7.0217,110.9626,-7.0217,110.9626,100.8,5.5,6.77,82.18,X1
57,Blora,518,89008,0.973553813662205,0.165853260264207,21.4183838477132,0.0313627245088965,0.000125,0.000058,0.495662118585883,-0.476908125139143,1741.17759234584,11.49,461,90.72,76.72,2974,88.2,26,29.2108574510156,15.893,33000,91.8,-6.95,111.4167,-6.9688,111.4175,95.9,8.1,6.82,93.54,X1
58,Rembang,465,65362,1.42075056236678,0.170610023416754,21.9317337271361,0.0317742173058388,0.000106,0.000062,0.477872230543252,-0.463904045067914,1533.10750757855,14.17,636,95.44,98.34,2758,80.8,17,26.0089960527524,15.833,34452,100,-6.7112,111.3453,-6.7112,111.3453,101.1,5.6,7.24,95.34,X1
59,Pati,4586,134787,1.96552630243508,0.190150703885835,24.0405639633593,0.0314273147683457,0.000106,0.000061,0.423789452540111,-0.421318094484834,1703.66393395344,9.31,864,95.8,73.17,3948,91.24,29,21.5154280457314,15.475,74040,98.8,-6.7513,111.038,-6.7513,111.038,86.8,3.8,7.5,95.92,X1
60,Kudus,1931,86030,3.98218990335158,0.191815163833456,24.2201924809066,0.0320069744772247,0.000093,0.000062,0.476325315718576,-0.465812009734488,1905.68011808305,7.24,1955,92.12,77.01,1915,61.53,19,22.0853190747414,14.014,91976,103.1,-6.8041,110.8382,-6.8041,110.8382,102.5,4.6,8.87,94.62,X1
61,Jepara,1480,119681,2.21401152055915,0.188548303229337,23.8676328845101,0.031926131843311,0.000138,0.000073,0.567372645276256,-0.539497087732908,2010.99800491301,6.61,1196,70.49,100,4157,100,22,18.3821993465964,15.753,49169,95.8,-6.5596,110.6717,-6.5596,110.6717,92.5,2.1,7.86,83.79,X1
62,Demak,3827,123383,2.37288118245939,0.204508364913697,25.5900427414862,0.0333341906981632,0.000096,0.000063,0.321050620056449,-0.337373203164303,1945.82873330136,12.01,1269,93.6,89.95,3639,98.13,27,21.8830795166271,16.981,17804,82.8,-6.8881,110.6393,-6.8881,110.6393,107.3,2.7,7.78,92.26,X1
63,Semarang,1173,107693,1.91512624113114,0.158643830214383,20.6403421567362,0.029643113851255,0.00009,0.00006,0.590931529703125,-0.532633998590773,2245.3732627648,7.17,1060,85.5,100,2356,94.82,26,24.1427019397733,12.869,43305,92.1,-6.9667,110.4167,-7.2223,110.4102,87.2,6.6,7.83,95.84,X1
64,Temanggung,1164,80495,1.09323288166003,0.128433333333333,17.3800253333333,0.0282067525561593,0.000087,0.000055,0.651047679995916,-0.551155329951706,2412.41827776162,9.26,935,69.89,82.95,1739,97.59,26,32.3001428660165,5.274,31691,81.5,-7.3167,110.1748,-7.3167,110.1748,92.1,5.3,7.46,97.8,Tidak Ada Variabel yang Signifikan
65,Kendal,580,104151,1.70478533477948,0.200466148944643,25.1538067941059,0.0327786335901935,0.00009,0.000067,0.531337827228512,-0.482340424065299,2200.88360273603,9.39,1044,78.33,100,3935,77,30,28.8043321715586,10.705,46563,92.7,-6.9197,110.2056,-6.9197,110.2056,95.1,6.1,7.34,96.78,Tidak Ada Variabel yang Signifikan
66,Batang,155,82042,1.7843389836164,0.200287336024217,25.1345093037335,0.0316225269769513,0.000059,0.000066,0.626789625860917,-0.486265249017783,2038.75140166405,8.92,967,61.7,74.69,2678,91.92,21,25.5966456205358,13.469,45530,96.1,-6.8941,109.7235,-6.8941,109.7235,105.3,3.8,6.77,96.79,X4
67,Pekalongan,395,99625,1.67821209203855,0.168291387024608,21.6815064876957,0.0304484558008681,0.000092,0.000062,0.62184849059926,-0.49846913533336,2422.80053347616,9.67,1128,83.47,75.38,3501,97.75,27,27.1016311166876,12.682,41142,95.1,-6.8829,109.67,-7.0886,109.6422,75.1,5.9,7.15,95.65,X4
68,Pemalang,752,151709,1.5228050009517,0.190101154401154,24.0352165829725,0.0308879925492831,0.000103,0.000056,0.52903467753604,-0.47545111729561,2396.28954097604,15.03,1340,80.73,75.98,3711,86.05,25,16.4789168737517,15.548,70872,98.5,-6.8842,109.378,-6.8842,109.378,88.2,3.9,6.2,97.68,"X3, X4"
69,Tegal,4282,163829,3.00028269060825,0.196694923632892,24.7468161584617,0.0315697682474228,0.000098,0.000058,0.48918022598473,-0.443051611740514,2241.58734602546,7.3,1682,85.87,58.57,5103,92.79,29,17.701383759896,13.212,85504,97,-6.8667,109.1333,-6.8667,109.1333,98.5,4.7,6.88,98.17,"X1, X3, X4"
70,Brebes,4423,202818,1.74412600786784,0.186112103769436,23.6047182387975,0.0310045062747828,0.000112,0.000055,0.493182639695039,-0.444547326324238,2207.95281393924,15.78,1172,82.8,100,5343,85.14,38,18.7360096243923,19.505,37784,82.8,-6.8833,109.05,-6.8833,109.05,94.7,5.1,5.9,88.78,"X1, X3, X4"
71,Kota Magelang,283,12171,8.39482236999908,0.1965,24.72578,0.0308053570712437,0.000126,0.000061,0.382737259593099,-0.378768895265224,2065.1018340771,6.11,6581,84.93,100,247,64.97,5,41.0812587297675,10.345,4160,90.5,-7.4813,110.2138,-7.4709,110.2198,77.6,2.6,11.06,100,Tidak Ada Variabel yang Signifikan
72,Kota Surakarta,452,52315,22.0815533904896,0.1934,24.391228,0.0328479315041741,0.000109,0.000068,0.248843503351336,-0.280392497201544,1992.30221801506,8.44,11277,89.97,100,1020,99.96,17,32.4954601930613,7.594,21447,100,-7.5667,110.8167,-7.5667,110.8167,73.9,3.1,10.81,99.16,X1
73,Kota Salatiga,208,19657,6.79378618790895,0.1515,19.86938,0.0290966679001013,0.000084,0.000062,0.526173744330089,-0.492768330010188,2277.85542043553,4.66,3618,98.15,100,360,85,6,30.5234776415526,11.292,8902,100,-7.3023,110.4729,-7.3023,110.4729,100.5,1,10.94,98.71,X1
74,Kota Semarang,2715,166296,10.4717290995486,0.205641660348749,25.712347984837,0.0335348213719283,0.000072,0.000079,0.420277754167136,-0.402959900046409,1933.67196329223,4.23,4580,95.31,100,1423,94.82,38,22.8508202241786,9.967,73439,99.9,-6.9667,110.4167,-6.9667,110.4167,93.8,2.8,10.47,99.88,Tidak Ada Variabel yang Signifikan
75,Kota Pekalongan,312,31110,7.69872268207472,0.274083333333333,33.0985733333333,0.0352155132664572,0.00007,0.00006,0.250039309171824,-0.260881356975641,1714.64318825142,6.81,6873,90.69,100,1174,95.25,14,45.0016072002572,9.831,15958,100,-6.8829,109.67,-6.8829,109.67,97.6,6.5,9.21,98.88,X4
76,Kota Tegal,547,28077,14.0708817458384,0.2245,27.74754,0.0340521816523445,0.000097,0.00006,0.240950683666283,-0.255777520352226,1314.01475587183,7.68,7238,94.12,100,872,94.29,8,28.4930726217189,11.453,9803,97.7,-6.8667,109.1333,-6.8692,109.1413,100.3,6,8.83,100,"X1, X3, X4"
77,Kulon Progo,482,22618,1.54145180936664,0.146973826458036,19.3809153513512,0.0305298303146121,0.000105,0.000048,0.616412950235221,-0.49212017679822,1796.87673078507,15.64,756,96.43,72.7,813,90.9,21,92.8464055177293,9.075,18946,100,-7.8267,110.1641,-7.8267,110.1641,98.9,7.8,8.9,89.61,Tidak Ada Variabel yang Signifikan
78,Bantul,1226,53330,3.86550644858985,0.161337868480725,20.9310827664398,0.0303476338392195,0.000105,0.00005,0.540779539415412,-0.46446701570481,1604.48288746799,11.95,1992,96.05,100,2302,84.6,27,50.6281642602663,11.18,45430,99.7,-7.8846,110.3341,-7.8846,110.3341,97.1,6.6,9.58,96.29,X1
79,Gunungkidul,921,36691,1.10899890329128,0.132041427143214,17.7694108172957,0.0288812321570229,0.000095,0.000047,0.579090811871497,-0.508143092483572,1545.79218180218,15.6,507,96.57,74,1277,80.2,30,81.7639203074323,11.082,29817,100,-8.0305,110.6169,-8.0305,110.6169,97.3,8.3,6.9,98.3,X1
80,Sleman,1981,50877,4.76415742812188,0.152918216805644,20.0224339576651,0.0305619042037769,0.000107,0.000056,0.532372537930552,-0.443935980035521,1892.43229405998,7.52,2013,97.42,100,2054,97.3,25,49.1381174204454,10.676,46419,100,-7.7162,110.3354,-7.7162,110.3354,97.6,7.9,10.72,97.59,X1
81,Kota Yogyakarta,563,23803,21.6075731136471,0.178666666666666,22.8012066666666,0.0312991815221935,0.000102,0.000058,0.240485514469682,-0.253540994274183,1772.15277433139,6.49,11560,92.82,86.1,545,97.7,18,75.6207200773012,8.613,10709,100,-7.7972,110.3688,-7.7972,110.3689,96.7,8,11.75,99.31,X1
82,Pacitan,275,31301,0.737516213757046,0.106076664747649,14.9672936595663,0.0277419213357111,0.000108,0.000045,0.706853248755349,-0.595436226879145,1973.5986252353,13.65,410,77.45,95.71,695,90.5,24,76.6748666176799,8.778,20220,80.6,-8.2046,111.0877,-8.2046,111.0877,89.6,6.6,7.5,80.19,X1
83,Ponorogo,1349,87807,1.25765983463386,0.156748214285714,20.4357672857143,0.0282857026739719,0.000128,0.000049,0.600126279498858,-0.534902302607369,1964.94410640097,9.53,676,89.79,98.78,2412,29.4,31,35.3047023585819,11.895,25230,63.5,-7.8678,111.466,-7.8678,111.466,89.4,5.6,7.46,94.42,X1
84,Trenggalek,1580,41769,0.863850604801226,0.103033130651699,14.6388354599314,0.0278062410044325,0.000138,0.000044,0.710164558105183,-0.532132438757305,1908.01245298845,10.63,593,81.28,67.71,1265,63.7,22,52.670640905935,9.647,31361,94,-8.05,111.7167,-8.05,111.7167,95.8,4.9,7.6,84.87,X1
85,Tulungagung,2599,71893,1.68288929277484,0.138066597653554,18.4196472187716,0.0289528016304208,0.000209,0.000046,0.592912755063341,-0.480538435883033,1787.91841668148,6.53,968,87.85,100,2862,5.6,32,44.5105921299709,11.392,50797,88.1,-8.0667,111.9,-8.0667,111.9,95.8,3.1,8.41,97.9,X1
86,Blitar,2934,78913,1.42323798918015,0.149935196745404,19.700506432764,0.0288274473248878,0.00029,0.000047,0.62601741546488,-0.520627002619596,1881.38449177189,8.69,718,82.5,85.94,2534,62.6,24,30.4132398971019,10.959,57700,91.5,-8.1014,112.1628,-8.1014,112.1628,94.1,5.9,7.69,96.41,X1
87,Kediri,1208,115716,1.99318599267342,0.181982865060703,23.1590907973511,0.0304410182080493,0.000264,0.000057,0.577273167466822,-0.524622829363875,1864.93926703645,10.72,1101,92.13,71.43,4479,75.5,37,31.9748349407169,15.017,80971,87.7,-7.8094,112.0324,-7.8094,112.0324,93.1,4.1,7.87,92,X1
88,Malang,7849,185171,1.52455127248202,0.125345330818719,17.0467681019562,0.0274799208136969,0.000455,0.000048,0.664545258303547,-0.543352878493239,1811.23895448503,9.45,782,84.03,87.69,5129,84.2,39,21.0616133195803,18.841,141917,95.8,-8.0496,112.6885,-8.0496,112.6885,95.1,4,7.45,98.18,X1
89,Lumajang,1586,67646,1.00179047937237,0.128334005376344,17.3693058602151,0.0277776294443427,0.000385,0.000046,0.679946015970561,-0.523355874076907,1790.43604172433,8.93,634,77.48,92.52,2515,82.6,25,36.9571001980901,9.404,51613,94.4,-8.137,113.2266,-8.137,113.2266,95.2,6,6.69,95.49,X1
90,Jember,2796,171685,1.42100529426718,0.137318667810177,18.3389306300743,0.0283386033963652,0.000238,0.000045,0.705957190062797,-0.541991308565178,1852.08409811195,9.51,781,64.47,78.26,8560,70,50,29.1231033578938,13.285,114656,83.1,-8.1724,113.7003,-8.1724,113.7003,89.4,6.4,6.01,97.51,X1
91,Banyuwangi,2572,106748,2.62698166941415,0.113887569518566,15.8102465024436,0.0273547911395195,0.00015,0.00004,0.683252581870992,-0.508563483457385,1681.21608407105,7.34,485,82.63,100,2309,78,45,42.1553565406378,14.647,83031,96.4,-8.2186,114.3669,-8.2186,114.3669,97.6,3.1,7.21,97.44,X1
92,Bondowoso,2698,48081,0.960681787689601,0.125400666262871,17.052739903089,0.0263285330583469,0.000203,0.000049,0.681062394909285,-0.573552181986684,1994.32518779429,13.34,507,57.41,95.96,2115,90.5,25,51.9955907739024,15.219,39619,101,-7.9177,113.8135,-7.9177,113.8135,106,8.5,5.72,94.43,X1
93,Situbondo,2156,42577,1.12234147528604,0.13528631544431,18.1195991627499,0.0284782029176466,0.000141,0.000057,0.601021217538855,-0.543597336133007,1497.59537764622,11.9,421,59.37,74.79,2181,81.1,20,46.9737182046645,18.591,33402,98.7,-7.7025,113.9556,-7.7025,113.9556,94.4,7,6.27,97.45,X1
94,Probolinggo,2684,84484,1.38383947898005,0.155635399805762,20.3156723470378,0.0283920770397611,0.00032,0.000075,0.621310256108484,-0.507487878774668,1793.38462727123,17.19,682,66.12,79.59,5465,69.4,33,39.0606505373799,11.918,64296,95.2,-7.754,113.2107,-7.754,113.2107,91.9,6.3,5.72,97.75,X1
95,Pasuruan,2893,117558,2.43694629289437,0.201632126450276,25.2796390865138,0.0296275461773662,0.000386,0.000066,0.558212862596604,-0.452713644863878,1611.95325362026,9.24,1101,86.7,60.3,7536,79.1,33,28.0712499362017,17.988,92199,98.2,-6.8623,108.8002,-8.0169,112.7978,94.3,4.7,6.94,97.63,X1
96,Sidoarjo,8835,181172,8.25888790919891,0.228123233127613,28.138559319132,0.032019459644167,0.000305,0.000075,0.314910507169704,-0.277675444621238,1649.00952535494,5,2968,94.72,48.78,4379,87.9,30,16.5588501534453,12.807,137631,94.4,-7.453,112.7173,-7.453,112.7173,101.4,1.6,10.58,97.19,X1
97,Mojokerto,2195,82591,4.25605296137393,0.241068388871266,29.535600526987,0.0309816203885617,0.000271,0.000075,0.519924661358461,-0.41040875775635,1852.41399691905,9.8,1163,89.38,100,1591,90.4,27,32.6912133283288,15.119,53938,82.1,-7.4881,112.427,-7.4881,112.427,95.1,4.7,8.6,98.9,X1
98,Jombang,6212,92866,2.36689968962842,0.206592415931314,25.8149535273074,0.0319411531034749,0.000232,0.000068,0.526200415957152,-0.453427162202411,1778.34961178308,9.15,1218,94.06,98.92,4374,91.5,34,36.6118924041091,15.444,64806,88,-7.5468,112.2265,-7.5408,112.2265,88.7,6.2,8.23,98.01,X1
99,Nganjuk,1380,72188,1.48404297946266,0.186043336250378,23.5972968481408,0.0313357319894388,0.000227,0.000059,0.52570768577626,-0.497567915118202,1902.3722366838,10.89,872,87.83,74.17,2477,76.6,20,27.7054358065052,16.148,50037,86.9,-7.6029,111.9018,-7.6029,111.9018,89.3,5.1,7.84,98.86,X1
100,Madiun,881,42501,1.52043741916386,0.173354887717387,22.2279594824604,0.030762062497403,0.000158,0.000057,0.554220726405268,-0.50171297020898,2021.00437789046,11.04,678,91.99,90.09,2068,58.7,26,61.1750311757371,12.521,28467,84.4,-7.6278,111.5055,-7.6278,111.5055,97.8,5.5,7.54,96.39,X1
101,Magetan,1616,37142,1.5735693352145,0.154697293792149,20.2144319460487,0.0290732856004593,0.000132,0.000052,0.552821815864251,-0.532156174109328,2163.02159299096,9.8,965,92.9,100,1300,86.5,22,59.2321361262183,13.473,28430,97.1,-7.6493,111.3382,-7.6493,111.3382,87.7,7.9,8.24,99.61,X1
102,Ngawi,1865,50335,1.27880987844635,0.184093830049261,23.3869061389163,0.0308727006110954,0.000127,0.000057,0.538330560241758,-0.483703441161082,2083.13755090178,14.4,631,85.42,100,2644,44.3,24,47.6805403794576,13.648,35653,89.2,-7.3899,111.4619,-7.3899,111.4619,96.4,7.2,7.39,97.51,X1
103,Bojonegoro,3576,78494,1.97423878998691,0.173074679142446,22.1977193730528,0.0319071552823748,0.000156,0.00006,0.461575924475087,-0.450185477866029,1832.9320620856,12.18,571,92.63,68.83,2628,91.2,35,44.5893953677988,17.307,61216,97.3,-8.827,124.467,-7.1602,111.8895,100,5.7,6.96,97.59,X1
104,Tuban,2341,76381,1.8052502248592,0.189023827581848,23.918951472633,0.0318765578257966,0.000127,0.000065,0.425242063545775,-0.436869375078322,1434.84805270005,14.91,617,85.13,100,4435,82.2,33,43.2044618426048,15.121,58462,95.8,-8.7493,115.1711,-6.8978,112.06,100.2,5.1,6.95,95.22,X1
105,Lamongan,2617,75006,1.68058662811193,0.205963213605223,25.7470500122757,0.0319285865540272,0.000161,0.000072,0.390261798790177,-0.391600189324335,1573.67209933179,12.42,781,95,100,3648,86.4,32,42.6632536063782,14.657,57203,95.6,-7.4062,109.3947,-7.1217,112.4149,98.3,6.5,7.89,79.26,X1
106,Gresik,5528,103766,3.57517637212462,0.219960002277811,27.2575834458214,0.0313993323701327,0.000179,0.000077,0.381340417014079,-0.329464810830262,1608.0219710462,10.96,1075,95,100,2707,75.9,32,30.8386176589634,15.113,74093,89,-7.1567,112.6555,-7.1567,112.6555,96.1,2.9,9.72,92.54,X1
107,Bangkalan,3129,76401,2.11559939515495,0.165731155618121,21.4052063143076,0.0306316461539541,0.000177,0.000057,0.518770094645987,-0.480909618530501,1518.76731491245,19.35,839,50.3,89.52,1458,77.6,22,28.7954346147302,19.703,37023,60,-7.0307,112.745,-7.0307,112.745,63.3,4.1,5.37,96.3,X1
108,Sampang,626,77131,2.43807833694568,0.152568892045454,19.9847348295454,0.0300753413890222,0.000133,0.00005,0.492372639593775,-0.446197208723794,1489.52684528443,21.76,818,82.86,100,2871,92.8,22,28.5229025942876,22.454,51769,82.4,-7.5783,109.2058,-7.1925,113.2435,83.5,5.2,4.64,94.29,X1
109,Pamekasan,1930,63431,3.19333270769937,0.147085282948098,19.3929437357587,0.0292848068397947,0.000101,0.000047,0.449297822046149,-0.443076819380927,1533.79663106788,13.85,1101,71.1,83.72,2666,100,21,33.1068405038546,24.438,44983,88.9,-7.1667,113.4667,-7.1667,113.4667,89.4,3,6.42,97.91,X1
110,Sumenep,2297,66115,1.23731070950309,0.141597140952842,18.8006634516307,0.0290373061884963,0.000073,0.000042,0.528288352212809,-0.496178378233563,1483.72755296952,18.7,550,70.26,95.12,1382,90.3,30,45.3754821144975,28.927,48622,91.8,-6.9254,113.9061,-6.9254,113.9061,100.8,4.9,5.19,98.1,X1
111,Kota Kediri,959,20814,7.26491518426003,0.189,23.91638,0.0313523319673259,0.000297,0.00006,0.4585241377213,-0.442184703170486,1867.43046178092,7.15,4391,96.41,100,677,100,9,43.2401268377054,11.437,12667,77.7,-7.8169,112.0114,-7.8169,112.0114,93.5,5.4,10.2,99.6,X1
112,Kota Blitar,1308,10477,9.24910404166447,0.162428571428571,21.0487914285714,0.0295343364680624,0.000273,0.000048,0.45636960417843,-0.396656580743182,1753.62518338412,7.3,4619,96.22,100,235,74,3,28.6341509974229,12.314,7396,89.6,-8.1,112.15,-8.1,112.15,97.3,4.4,10.7,98.79,X1
113,Kota Malang,2301,58430,11.7582852019316,0.197833333333333,24.8696733333333,0.0291459201580126,0.000645,0.000061,0.37863922684439,-0.359708611489263,1867.70925370276,4.26,7790,86.36,100,1744,95.6,16,27.3831935649495,10.636,33984,73.6,-7.9819,112.6265,-7.9819,112.6265,89.2,4.3,10.9,99.06,X1
114,Kota Probolinggo,563,18369,8.57897690021787,0.189583333333333,23.9793333333333,0.0312421030052495,0.000393,0.000067,0.4579937739569,-0.451077678177214,1273.52243163376,6.48,4517,88.27,100,569,69,6,32.6637269312429,9.32,11449,78,-7.7569,113.2115,-7.7569,113.2115,90.8,3.2,9.05,100,X1
115,Kota Pasuruan,635,16323,8.6777990858001,0.224666666666666,27.7655266666666,0.0325462919076545,0.000376,0.000065,0.363951795044416,-0.350434439738827,1322.44074461975,6.6,5549,91.73,100,1218,78.2,8,49.0105985419347,11.727,11549,88.9,-7.6449,112.9033,-7.6449,112.9033,96.9,6.5,9.18,99.38,X1
116,Kota Mojokerto,657,10000,11.3380107175836,0.236,28.98862,0.0329751576252202,0.000255,0.000088,0.343057688456435,-0.344927944838243,1775.83883953094,5.77,6732,96.48,100,186,94.1,6,60,10.441,5279,66.6,-7.4722,112.4336,-7.4722,112.4336,98.3,4.7,10.56,99.95,X1
117,Kota Madiun,611,11484,13.5413411525183,0.1735,22.24362,0.0314064828600932,0.000134,0.00006,0.388148750546733,-0.380713391727918,1925.85012994641,4.74,5536,98.18,100,558,95.7,6,52.2466039707419,11.606,8511,93.7,-7.6297,111.5137,-7.6297,111.5137,98.3,5.5,11.39,99.1,X1
118,Kota Surabaya,11246,205688,22.1561329834049,0.198110604962753,24.8995964875803,0.0314498600285066,0.000264,0.000086,0.254823426510198,-0.260020324485611,1548.13495204062,4.65,8667,97.81,100,2332,91.5,63,30.6289136945276,11.555,160035,97.3,-7.2892,112.7344,-7.2492,112.7508,101.2,3.4,10.35,98.15,X1
119,Kota Batu,561,15386,3.390991621412,0.1125,15.6605,0.0253564993426672,0.000432,0.00005,0.653393439329454,-0.542865881354397,2288.13326744684,3.31,1134,95.06,100,439,74.1,5,32.4970752632263,15.094,10078,81.8,-7.8671,112.5239,-7.8671,112.5239,85.6,7.9,9.63,99.16,X1
