Region,Theta (Î¸),Intercept,Intercept Z,Gizi Kurang Koef,Gizi Kurang Z,Persentase Bayi dengan IMD Koef,Persentase Bayi dengan IMD Z,Rokok Perkapita Koef,Rokok Perkapita Z,Kepadatan Penduduk Koef,Kepadatan Penduduk Z,Air Minum Layak Koef,Air Minum Layak Z,Sanitasi Layak Koef,Sanitasi Layak Z
Kota Tangerang,1.85887926193761,6.02685686008088,28156.7407473021,0.000187028615078407,1.91882959441177,-0.00430598021705826,-0.358771870175188,0.0785783187248601,1.80876879011045,0.000098350040569727,2.65018994069743,0.00255492542306896,0.140893066037183,-0.00127192816844758,-0.0957212457754902
Kota Cilegon,1.85887055567878,6.02685418078069,26898.9386510637,0.000186328655818577,1.86918613224583,-0.00431400880647075,-0.346525678471256,0.0776284043991704,1.73628086646091,0.0000983155976886744,2.5799314624721,0.00273973658546449,0.145288401820748,-0.00126968747210422,-0.0923371243868896
Kota Tangerang Selatan,1.85888155444494,6.02685756649464,28419.9839163663,0.000187134843521566,1.92819036702801,-0.00429594071460398,-0.360735688685506,0.0788105602077865,1.82423565722289,0.0000983304322217996,2.66304063635971,0.0025140829863137,0.139765585923156,-0.0012823940877767,-0.0971788194382633
Kota Serang,1.8588723496739,6.02685482351897,27164.370976271,0.000186411634965124,1.88011945382082,-0.00430539956219848,-0.34870484790001,0.0778315613940821,1.75220960526639,0.0000983099222863691,2.59567247773106,0.00270248176415303,0.144548162706841,-0.00127720073498102,-0.0935927268907901
Tangerang,1.85887694443156,6.0268562862555,27818.9293895804,0.000186735250551214,1.90600956429831,-0.00429649503773514,-0.354775977823016,0.0783330905036912,1.79032962847039,0.0000983164986670637,2.63241473328496,0.00260710166986773,0.142333307126094,-0.00128375808383466,-0.0957772684673862
Lebak,1.85887673138382,6.02685649189458,27624.8262797612,0.000186404781297169,1.8957657846855,-0.00426213830672176,-0.350395118371914,0.0783029747726477,1.78092529576736,0.0000982289672782688,2.61823959773688,0.00262655871336025,0.142581015897011,-0.00132133462332165,-0.0980607043627621
Pandeglang,1.8588730813269,6.02685519941318,27200.3855507066,0.000186299830821537,1.88064505838334,-0.00428557642884231,-0.347738775862658,0.0779093684468361,1.75538405310065,0.000098266672465382,2.59658927973568,0.00269439495967152,0.144316004041353,-0.00129776103732024,-0.0952068578721206
Serang,1.85887439213855,6.02685546600221,27475.9098600536,0.00018658335540554,1.89276663890977,-0.00430442328241087,-0.351824496580026,0.0780588225195686,1.7702205339832,0.0000983221016598148,2.61369607693783,0.00265788845440095,0.14355924451799,-0.00127667741759959,-0.0943631558568223
Kota Adm. Jakarta Pusat,1.85888231463723,6.02685763732038,28542.148304914,0.000187337464250204,1.93241181964155,-0.00430982437424027,-0.362818023171487,0.078889720567542,1.82993085244513,0.0000983679050604016,2.66865375341031,0.00249209887388596,0.138997877158592,-0.00126608601206805,-0.0962052194675791
Kota Adm. Jakarta Utara,1.85888259730774,6.02685766662483,28581.8604363521,0.000187407931682507,1.93362463640893,-0.00431439709044824,-0.363484742095952,0.0789188573408048,1.83172015486192,0.0000983802972482665,2.67023460960411,0.00248417331586042,0.138698907485002,-0.00126063517675305,-0.09587093035751
Kota Adm. Jakarta Barat,1.85888125525669,6.02685736407035,28414.2595658216,0.000187240098910838,1.92799561252581,-0.00430953580495693,-0.361543201013549,0.0787830656685704,1.82286926989321,0.0000983649744260661,2.66270001546352,0.00251313015463041,0.139643866535783,-0.00126688619432479,-0.0959596888160081
Kota Adm. Jakarta Selatan,1.8588827789372,6.02685784585146,28578.5093566357,0.000187285382191411,1.93375444053804,-0.00430031169155771,-0.362579142236727,0.0789341717008226,1.83271704751365,0.00009834384638825,2.67052018080564,0.00248798026618602,0.13895086451002,-0.00127696275255307,-0.0971439674161807
Kota Adm. Jakarta Timur,1.85888372997796,6.02685803783037,28700.0231504162,0.00018742208764009,1.93783179619016,-0.00430560933138759,-0.364102649928789,0.0790294243526297,1.838990962422,0.0000983587895703288,2.67591493300082,0.0024668648534197,0.13824492739624,-0.00127048695582358,-0.0969286496849565
Adm. Kep. Seribu,1.85887375528472,6.02685487697777,27440.4721371487,0.000186983869355075,1.88953667119811,-0.0043538084000293,-0.35438146461901,0.0779992130429296,1.76412980392478,0.0000984400912600408,2.60895304836508,0.00264954109775262,0.142738507900627,-0.00122297051648433,-0.0901530419846452
Bandung,1.85890904546851,6.0268641916981,30636.8348183516,0.000188896275585929,1.98440230323958,-0.00423302084062059,-0.377474363679904,0.0812476726061078,1.94508109779028,0.0000980024909396684,2.72392760348878,0.00209598515224425,0.12415424686919,-0.00137530340390859,-0.109579773831401
Bandung Barat,1.85890346913904,6.02686296882593,30336.8300589835,0.000188572119738972,1.98116688463039,-0.00424843527082693,-0.375856094473074,0.0807970103325489,1.92970825191273,0.0000981106618685382,2.72492603845172,0.00216634878191595,0.127275683023695,-0.00134826920162018,-0.106819075964875
Bekasi,1.85888857107254,6.02685915648248,29226.9613781949,0.000187901462302739,1.95439036699276,-0.00431002846612961,-0.369467714855585,0.0794957787104627,1.86718350619889,0.0000983688533766439,2.69713175390338,0.00237397851452481,0.13505817614424,-0.00126411575573591,-0.0976495771068136
Bogor,1.85888554194647,6.02685887858491,28768.5152435609,0.000187179344057544,1.93843795681603,-0.00426468755068555,-0.362015173030161,0.079198350628223,1.84549262211221,0.0000982510430243341,2.67668495948484,0.00245408378063347,0.137900557591867,-0.00131800507232718,-0.100767903698169
Ciamis,1.8589421803966,6.02686913618764,32096.2471044639,0.000192012506056227,1.98805862064003,-0.00422395128264524,-0.390184648755397,0.0836344551776135,2.00476762238806,0.0000972803440744725,2.67070317748914,0.0017083582317442,0.10513050683963,-0.0014650972959267,-0.119424895281286
Cianjur,1.85889454505226,6.02686117940171,29582.3696479168,0.000187760774621854,1.96153171311391,-0.00424546669774094,-0.368482220779998,0.0800300775947003,1.89061750294226,0.0000981704094651924,2.70488380500064,0.00230807755574136,0.132787485199673,-0.00134441247724871,-0.104768986560279
Cirebon,1.85893931592118,6.02686705982803,32345.6774769019,0.000193039374526292,2.00055441651977,-0.00431041193023739,-0.398154304772667,0.0834493781726696,2.00834191232078,0.0000976542506174359,2.68593666965923,0.00165177153911773,0.102094284894542,-0.00132146296589301,-0.108155629855594
Garut,1.85892201750022,6.02686655894342,31261.5132792235,0.000189891526999288,1.98817227319925,-0.0042168757776901,-0.381942402895181,0.0822360057534094,1.97394810097722,0.0000977470652096321,2.71181779168579,0.00193819435246113,0.116724804521131,-0.00142065504091751,-0.114403247867691
Indramayu,1.8589222099864,6.02686448539593,31575.41793832,0.000191601632921837,1.99442744835113,-0.00434251827649756,-0.392690566451689,0.0822625407412019,1.97460147579685,0.0000981406187940458,2.71206447715508,0.00182845710064362,0.110619663319383,-0.00123889226168567,-0.100016686427639
Karawang,1.85889281125108,6.02686013342907,29631.3482751786,0.000188249255634984,1.9661044152877,-0.00430654682174876,-0.373108699956277,0.079885452644729,1.88894854640647,0.0000983479622013466,2.71114952526489,0.00230086596963081,0.132414269999886,-0.0012683174141275,-0.0988933683581425
Kota Bandung,1.85890765787459,6.02686379445022,30612.8618754625,0.000188902074857215,1.98621322502268,-0.00424446119189616,-0.378133303366511,0.0811383618474704,1.94359256620184,0.0000980538401634681,2.72764915137547,0.00210771719931445,0.124765620332418,-0.00135829708275005,-0.108210019706454
Kota Banjar,1.85895173038337,6.02687006095795,32384.1296190009,0.000193178589216294,1.98284593217489,-0.00422938277715642,-0.393316657481245,0.0842477747558964,2.01112463284363,0.0000969823700108751,2.63771157014767,0.0016114662071649,0.0998956690844503,-0.00149117280340567,-0.12188536443192
Kota Bekasi,1.85888544175279,6.02685845819539,28892.5363859281,0.000187578606121667,1.9441415535643,-0.00430597794792575,-0.365999066081409,0.0791967072331888,1.84949725596266,0.0000983605407155019,2.68418510021418,0.00243412970972054,0.137174879836003,-0.00126957397288486,-0.0973121130455909
Kota Bogor,1.85888551960805,6.02685887281801,28766.0662577036,0.000187177587797028,1.93835660113593,-0.00426470419843247,-0.361992333827691,0.079196190780635,1.84535617487762,0.0000982511021429973,2.67657811936792,0.00245448628404501,0.137913239610235,-0.00131798314250905,-0.100760140484224
Kota Cimahi,1.85890509384982,6.02686329803618,30445.5704226554,0.000188696109393291,1.98321609053347,-0.0042465734346889,-0.376733587126669,0.0809305982489013,1.93523890578003,0.0000980887123185697,2.72619286297698,0.00214347985410891,0.126307329967654,-0.00135245077005274,-0.107386678933423
Kota Cirebon,1.8589390778179,6.02686706777727,32336.8486213781,0.00019298668270989,2.00081341143696,-0.0043089142125039,-0.397995508648367,0.083433528907572,2.00837392676362,0.0000976559306967887,2.68706932944741,0.00165597001829432,0.102338389335537,-0.00132321058416502,-0.108298292778438
Kota Depok,1.85888417950542,6.02685833638132,28701.7844729965,0.000187269262735548,1.93765991920429,-0.00428606541440587,-0.362854889796358,0.0790697876498425,1.84056491881345,0.0000983077409506376,2.67576730818746,0.002468523180808,0.138404721408864,-0.00129319707589035,-0.0987038359885969
Kota Sukabumi,1.85889102894738,6.02686052383686,29149.5677561266,0.000187321170361734,1.94602863132022,-0.00423142603368689,-0.363200554031389,0.0797093036793031,1.86763509083939,0.0000981482676351886,2.68547719031047,0.00237450851444784,0.134919919564825,-0.00135901574091826,-0.104798019968904
Kota Tasikmalaya,1.85893595705077,6.02686850679055,31840.5130000423,0.000191256839981026,1.98809820449669,-0.00421695068719656,-0.387259204630999,0.0832184638708002,1.99638341694068,0.0000974316036678733,2.68555787142749,0.00177922216383488,0.108773221041454,-0.00145627190210909,-0.118280646832637
Kuningan,1.85894121693508,6.02686806049593,32341.980942834,0.000192646490802733,2.00034109729818,-0.00427235474812807,-0.395924866188776,0.0835737848850584,2.01301582917734,0.0000974747027331692,2.6850888508968,0.00167024391705549,0.103374903891133,-0.00138660000254117,-0.113624037690887
Majalengka,1.85892769622369,6.02686642960371,31832.1745760792,0.00019120198543319,2.0033761187001,-0.00427390997767494,-0.391361631215714,0.082651190032994,1.99598473777988,0.0000978176665389122,2.71923274044871,0.0018213590519969,0.111270500737336,-0.0013502912374825,-0.109917885138555
Pangandaran,1.85895539181853,6.02687108824982,32161.5374569743,0.000193119976909594,1.96419706077817,-0.00419893706269795,-0.388761499267507,0.0844745102496766,1.99824640784748,0.0000967317040137379,2.60525850194488,0.0016117044056376,0.0993050499863681,-0.0015558765641359,-0.126263130962576
Purwakarta,1.85889861444085,6.02686159975563,30093.5448293522,0.000188523190740684,1.97838769281099,-0.00428337143758509,-0.376018021728563,0.0803928081662646,1.91508454945765,0.0000982519832294056,2.72450886375364,0.00221879191358945,0.129422374563287,-0.00129947454632745,-0.102420597292581
Subang,1.8589070862927,6.02686310021922,30732.5872724447,0.000189365559874703,1.99189521541922,-0.00428866404497909,-0.382280664557585,0.0810987945342599,1.94629331752395,0.0000981918971977635,2.73458224893817,0.00208460954973255,0.12369753121122,-0.00129866584041146,-0.103682391234732
Sukabumi,1.85889097317639,6.02686051323042,29142.0036609364,0.000187313957944989,1.94573856261384,-0.00423116815827882,-0.36310624187544,0.0797041257287308,1.86722690876896,0.0000981477823282063,2.68510340831618,0.00237559094416015,0.134951569854356,-0.00135928554125243,-0.10479887171793
Sumedang,1.8589138579645,6.02686465633456,31073.8362033323,0.000189641691170266,1.99589884480945,-0.00425881635555,-0.383436830822851,0.0816283523144054,1.96484682005108,0.00009801606864849,2.73274992178872,0.00201083531316689,0.120487051929521,-0.00134736880056057,-0.10830935108865
Tasikmalaya,1.85893645519253,6.02686861132536,31838.1231793356,0.000191275921717533,1.98691737888823,-0.00421464930471149,-0.387047495528935,0.0832520037929265,1.99604989050466,0.0000974104275686246,2.68303459289063,0.00177604248616712,0.108569478609621,-0.0014612283179019,-0.118650052347034
Cilacap,1.85898592892979,6.02687268152354,32633.1463858545,0.00019822001885168,1.92682343167695,-0.00422571208379392,-0.396272365766416,0.0862385362022734,1.97890291963232,0.0000950879270816903,2.42573355612444,0.00136704673585643,0.0852819953890801,-0.00169413773943077,-0.13697586558819
Banyumas,1.85898727223888,6.02687126907068,33046.0879619441,0.000199672746017203,1.94157717593374,-0.00426829267957024,-0.403494374747854,0.0863038362555169,1.98858876057541,0.0000950728609197149,2.42113950761685,0.00129868319950414,0.0818691343900609,-0.00163091057330879,-0.132914804073863
Purbalingga,1.85899496761477,6.02686956418212,33247.2817340212,0.000203334406340193,1.92827538625625,-0.00430396760945024,-0.408483926497616,0.0866909307360191,1.96362220201862,0.0000941338909192229,2.31618758334337,0.0012050406466513,0.0763050584170628,-0.00165537488359276,-0.134442591483278
Banjarnegara,1.85899684021793,6.02686445663046,33238.4408633678,0.000211780378070982,1.89331000272285,-0.00433499212948187,-0.411915518840939,0.0867046211614713,1.87663061684222,0.0000912879603568684,2.05832379909039,0.00116057750060764,0.0733502215330121,-0.00179608657162029,-0.143368687171474
Kebumen,1.85899890028234,6.02686543452518,32822.9005197799,0.000212770198875945,1.87014461328721,-0.00429526195522904,-0.406718323595607,0.0868045892536625,1.84646981986537,0.0000900153489827821,1.98349966574876,0.00124908695943357,0.0782711862875772,-0.00196257726593639,-0.154949461207693
Purworejo,1.85893956135575,6.02684881111341,32617.1345294095,0.00023104024791039,1.84795616780341,-0.00427099333316808,-0.403354383843204,0.083170737587131,1.63514524147768,0.0000820343265130608,1.52538412658211,0.00162174617776501,0.100159207251155,-0.00225808675589519,-0.171924132309542
Wonosobo,1.85897773241441,6.02685688807264,33213.8787873954,0.000220410752275474,1.87563877101912,-0.00434949519071434,-0.412569079584837,0.0855711049950793,1.78107562634371,0.0000882553882481703,1.83209235646423,0.00122826318407976,0.0772293489410362,-0.00189363933205678,-0.148589058711514
Magelang,1.85889953594051,6.02683455616813,34439.8779901245,0.00023951964454249,1.91547401981245,-0.00436144168077909,-0.418436214316985,0.0802370119560201,1.58604516099072,0.0000824508250235378,1.48817293507469,0.00153772042170371,0.0966147314947448,-0.00184622699078068,-0.142085276237984
Boyolali,1.85884955810538,6.02681114880818,40101.2613420263,0.000251485262381957,2.0670351361576,-0.00443965401712572,-0.44200693807826,0.0748617476755937,1.52127024129656,0.0000852330356287503,1.50309962252654,0.00136825100821385,0.0891182223534887,-0.00104043969662742,-0.0825606070730414
Klaten,1.85884805972285,6.02681066617774,40290.4589580508,0.000251806625319647,2.07078222137577,-0.00441419220942555,-0.440888146366408,0.0746260216648497,1.51246192962608,0.0000848237686783753,1.49135833413096,0.00140534716468086,0.0915173373505248,-0.00106284897582745,-0.0843050128161964
Sukoharjo,1.85883693165797,6.02680246628869,43282.3501635631,0.00025585577963303,2.1297454271686,-0.00440565111594975,-0.444639898390495,0.0723572381315978,1.4856680368124,0.0000861881063629663,1.49609911076097,0.00133274794854181,0.0879302530851795,-0.00073134448135977,-0.0587149215652752
Wonogiri,1.85883383230754,6.02679954070808,44517.4382686039,0.000257283759728719,2.14894864424701,-0.00437328786246384,-0.44296406783774,0.0713726963862141,1.46736181122791,0.0000864018927929848,1.48625626885466,0.00133193390074447,0.088105191623198,-0.000628279588729616,-0.0505563074332828
Karanganyar,1.85883347947332,6.02679876173336,44832.4459079948,0.000257731587388851,2.15681208022739,-0.00440155118075334,-0.445531436405728,0.0712322820173631,1.47282990697197,0.0000870460597948446,1.50002263691704,0.00129083222374431,0.0856533458346884,-0.000559387107883049,-0.0451538861714507
Sragen,1.85883236470247,6.02679699604854,45501.3183644182,0.000258679270077353,2.16612396484601,-0.00441619473490868,-0.446146618947467,0.0707196123869412,1.46752068833825,0.0000877611817723406,1.50580878695825,0.00125309431004621,0.0832704189968427,-0.000455245909846922,-0.0367985835634959
Grobogan,1.85883405994453,6.02679845905179,44087.4696160571,0.000257946829628968,2.12592210930216,-0.00449357349790818,-0.444994340533901,0.0714436224353264,1.4698622717748,0.00008848128723891,1.51176876916273,0.00119261236072985,0.0781830595410595,-0.000444622843803439,-0.0354688878242407
Blora,1.85883130038854,6.02678951792322,48375.5949398131,0.000262896285418374,2.18689260317436,-0.00441030719198017,-0.438238286763551,0.0679603769677302,1.4128938529247,0.000090425695263579,1.49355743309098,0.00115904889219028,0.0766125354097787,-0.0000354793266960685,-0.00285193909601908
Rembang,1.85883089363576,6.02679026483332,47135.3908794847,0.000262593317700135,2.14894588745344,-0.00447283616379235,-0.436534946777333,0.0684620193076715,1.40698345290968,0.0000908394811668177,1.48909230106766,0.00112568560703453,0.0733423572125985,-0.0000352602252541013,-0.00279427203524414
Pati,1.85883277054234,6.02679642662763,44165.4653125815,0.000259056276548579,2.10574689589854,-0.00453094281573635,-0.440758443628106,0.0708959430648382,1.44610818566123,0.0000895275788626701,1.50207542741683,0.00113887796693786,0.0737413345274078,-0.000308488708497959,-0.0243070346417937
Kudus,1.85883902124383,6.02680249268994,41772.6618305591,0.000255669409829431,2.06662575603684,-0.00454745653014294,-0.440515097589172,0.0728596754243639,1.47597259490655,0.0000884068784888144,1.50777239910825,0.00116568034290325,0.0750031342608906,-0.000553238389324672,-0.0433467451325479
Jepara,1.85885190011137,6.02681004365266,38245.0969345709,0.000251190263278396,1.96629078312087,-0.00459362859504968,-0.428337204920761,0.0751783987093192,1.48097773879813,0.000088070401938851,1.49225721164244,0.0011314724296764,0.0704331312043304,-0.000749936774104512,-0.0569378897020789
Demak,1.85885159689379,6.02681074509112,39172.1087587056,0.000251202617562845,2.01890865251495,-0.0045360419027535,-0.436972944340009,0.0751509712014492,1.51043067240975,0.0000870194546872113,1.51053361248391,0.00121683054872578,0.0776841474129033,-0.00086844681689382,-0.0675919959405024
Semarang,1.85887302194936,6.02682240609987,36735.8518339853,0.000245422952189869,1.97803013399653,-0.00445456290952907,-0.43131277620552,0.0777933515569416,1.55734599394146,0.0000846085118292761,1.5078238992873,0.00136995752710764,0.0872836400273289,-0.00135982682793247,-0.105819257441632
Temanggung,1.85891357744403,6.02683918081057,33577.0539126501,0.000236666988705052,1.88156925323045,-0.00434542722792713,-0.411340757802033,0.0813304805216217,1.60164425003182,0.0000824508425440454,1.49300252842342,0.00151387525775814,0.0942955956451099,-0.00194452150406597,-0.148632869147498
Kendal,1.85892612706372,6.02684035175694,33455.1809040193,0.000233351649000461,1.86220462857439,-0.00442071742894024,-0.410729066069923,0.0822445736754475,1.63101617548438,0.0000856003240864262,1.58208490323189,0.00125865137584183,0.0778007405335215,-0.00168296664967571,-0.128125323895134
Batang,1.85899017160632,6.0268623990423,33424.0596559872,0.000210147348922343,1.90516514665617,-0.00441077563227335,-0.414689887012053,0.0863580796949771,1.89613661135058,0.0000933403989990258,2.15604207392556,0.00103800343250877,0.0654705904823273,-0.00150700713932231,-0.120623861803779
Pekalongan,1.85899397196839,6.02686464225027,33447.2306863876,0.000208774573097782,1.913099653873,-0.00437435932761048,-0.414198448887996,0.0865806795770724,1.91544552466838,0.0000932034982908859,2.18284779303047,0.00108835850692819,0.0689534565823159,-0.0015914027040001,-0.128140587816689
Pemalang,1.85898322443125,6.02686728975864,33360.7387736073,0.000202068768159726,1.94693428079763,-0.0043686023539147,-0.411447801738247,0.0860597230857046,1.97779289709278,0.0000955294662846626,2.40460326903579,0.0011704101717937,0.0739989857928254,-0.00142766786992157,-0.116384853664441
Tegal,1.85897114339555,6.02686836324534,33180.37217082,0.000198355441231609,1.97062948115759,-0.00434189178684886,-0.407944247823026,0.0854022423844162,2.00525610409395,0.0000964398339768018,2.52488730380311,0.00130545171231607,0.0822840322042017,-0.00139094319251127,-0.114094211721324
Brebes,1.85896726619981,6.02686857828602,33106.4642794566,0.000197375841033256,1.97707730823834,-0.00433094557406862,-0.406614720551504,0.0851813148354921,2.01100702920247,0.0000966330967213971,2.55528996668327,0.00135312951277308,0.0851801572729199,-0.00138945580062598,-0.114122337392535
Kota Magelang,1.85889869846558,6.02683418171523,34505.0178746669,0.000239695735092259,1.91750494834813,-0.00436484682131813,-0.418909235385135,0.0801679651552979,1.58547678048031,0.0000825237085818721,1.48914416683231,0.00153129885893464,0.0962633045759293,-0.00183037137355161,-0.140927328134541
Kota Surakarta,1.85883734547481,6.02680262552572,43179.2437700982,0.000255780373489007,2.12823763141796,-0.00442288378884998,-0.445634618417198,0.072466437501231,1.49019372345272,0.0000864316205305524,1.50274222088479,0.00131364824596346,0.0866859431567918,-0.000717553287014907,-0.0576223327709426
Kota Salatiga,1.85886360942279,6.02681819093909,37882.4428023663,0.000247721053098696,2.01085495176274,-0.00445839774412246,-0.436171472452236,0.0767505885432831,1.54574349058374,0.0000848951791844593,1.50851449047335,0.00136442588875872,0.0876728741643199,-0.00123841748700417,-0.0970929701727068
Kota Semarang,1.85887730880496,6.02682344306172,36026.3321072861,0.000244435058953033,1.94497657975291,-0.00448435734315183,-0.426088317702174,0.0782201483577057,1.55257302269233,0.0000852432107620647,1.50696247322293,0.001299875369987,0.0817590647291081,-0.00131551628469397,-0.101132535852795
Kota Pekalongan,1.85899037238776,6.02686349781154,33423.7618364736,0.000208545770942028,1.91192996624171,-0.00440595334454615,-0.414353050045202,0.0863864396296711,1.9131444398432,0.0000938227582142841,2.20379230665916,0.00104920296269447,0.0662244461087975,-0.00148635556847012,-0.119397161522191
Kota Tegal,1.85897161740202,6.02686835694233,33188.8503543705,0.00019846163119283,1.96994464167881,-0.00434245898588777,-0.408069004468327,0.0854290594572239,2.00469379192996,0.0000964121475890857,2.52137472479547,0.00130073053742824,0.0820020147096206,-0.0013925981641422,-0.114217595207641
Kulon Progo,1.85889829431757,6.02683546099335,34148.803072371,0.000239673585169107,1.90591608721528,-0.00432296299899214,-0.415189971048317,0.0801399211033951,1.56702797414983,0.0000813489476713655,1.45780283944607,0.00165914040696175,0.103555888685805,-0.0019814027898933,-0.151448493530487
Bantul,1.85887111972359,6.02682363804148,36564.0172514691,0.000245598377903523,1.97795403699018,-0.00437084365779972,-0.427868835162191,0.0776081662939691,1.53562291698782,0.000082623500660061,1.46492887418973,0.00156308456335173,0.0992915925429173,-0.00158016629034248,-0.122534429962758
Gunungkidul,1.85884477036738,6.0268092042636,40585.4376340833,0.000252583480920482,2.06836206988515,-0.00437236753300607,-0.436565481248304,0.0740646114279647,1.48693433561689,0.000084270564822229,1.46370897082704,0.0014572128868342,0.0943706339450672,-0.001068237699285,-0.0842332934241038
Sleman,1.85887396147927,6.02682445457239,36485.4497428243,0.000245024978718405,1.97853000394816,-0.00438671842605847,-0.429199016783381,0.0779042974453832,1.54968115564228,0.000082973464845072,1.48013623396793,0.00152498232566244,0.0971484415724807,-0.00156669611724058,-0.121880377664001
Kota Yogyakarta,1.85886831441116,6.02682199881787,37031.2410031375,0.00024631654840247,1.99225892176244,-0.004385672382558,-0.430739736453515,0.077301548419146,1.53829864617335,0.0000830641158388437,1.47522656556736,0.00152478856388038,0.0973555694563263,-0.00149990260335957,-0.11687485564329
Pacitan,1.85883121288794,6.02679589182956,45932.0141862028,0.000258901348995093,2.15580653925149,-0.00429470378079131,-0.433920179760047,0.0699370146193338,1.42517884787563,0.0000863519526212791,1.45104032264001,0.00135393475952038,0.0890414489309287,-0.000508746485461211,-0.040689301272164
Ponorogo,1.85883168090238,6.02678990862695,49244.6069239999,0.000262094009574853,2.21460761473184,-0.00426691042106913,-0.433488798466445,0.0676434912382089,1.40732758073265,0.0000885151295000247,1.46837124956419,0.00126321032767936,0.0843247029848167,-0.000154366281093104,-0.0125294307040699
Trenggalek,1.85883434395733,6.02678770917554,50267.4945587799,0.000263069833835857,2.21706086425957,-0.00419322836495813,-0.423533584307551,0.0664053052910305,1.3750050322735,0.0000889183168580778,1.4444404902463,0.00126489555315307,0.0840161152756732,-0.0000303490993280195,-0.00245103456480288
Tulungagung,1.85883689103972,6.02678643941013,50825.7643101894,0.0002637014463951,2.2185019350215,-0.00415444651171446,-0.417614911733991,0.0656268742926041,1.3567656249201,0.0000893892027281244,1.43348958523481,0.00125755463084696,0.0832957773141413,0.0000592622980146158,0.00477279771006505
Blitar,1.85884099106311,6.02678511493662,51242.5902880694,0.000264342901320833,2.21317743681139,-0.00409930787516385,-0.408421345145687,0.0646615640421879,1.33050404388373,0.0000899595874188908,1.41539132756058,0.00125224373153656,0.0824207476247585,0.000165475930290342,0.013243097664616
Kediri,1.85883917994225,6.02678538606604,51369.750492945,0.000264470802935979,2.22771642760813,-0.00415583297273556,-0.416726801256756,0.0650631378646095,1.351974706062,0.0000902342138328794,1.43970103758381,0.00123256946072339,0.081805957484546,0.000152358996661238,0.0122950758609132
Malang,1.85884992512456,6.02678343832197,51278.1046804444,0.00026522359685612,2.19032364607269,-0.0040075510071071,-0.390745727250778,0.0630911452616852,1.28261330074976,0.0000910913596603077,1.38133171481824,0.00124400466094424,0.0805956730104176,0.000339064924377792,0.0267109467759712
Lumajang,1.85885849941765,6.02678272906142,50351.3031523227,0.000265456468831038,2.1446703295704,-0.00391323808883488,-0.37096202496882,0.061907713544409,1.23099290997851,0.0000917594784422132,1.33594493060374,0.00125102680774302,0.0790962446362987,0.000451990283484629,0.034749308107092
Jember,1.85886551907552,6.02678243775484,49228.2403756512,0.000265514220671217,2.09847200353378,-0.00384332291989092,-0.354685279788227,0.0610731206296352,1.18827484245457,0.0000922853548737187,1.2970335078285,0.00125741712753379,0.077641189984578,0.000530239450461766,0.039812037052855
Banyuwangi,1.85887432040665,6.02678233354377,47395.9830956691,0.00026542997925239,2.02736394530942,-0.00375842293216583,-0.333274127274196,0.060140099305457,1.13115837213955,0.0000928764168893088,1.24268414080772,0.00126767535373194,0.0754984615078741,0.000613883775356535,0.0444572413497849
Bondowoso,1.85886802242464,6.02678221451455,49091.588058322,0.000265822362044874,2.09274465680813,-0.00384322710827753,-0.352509702808939,0.0608038549547677,1.1816481251384,0.0000928052199505794,1.29556572053508,0.00125101280800123,0.0770045543078148,0.000568886037673671,0.0425788770395403
Situbondo,1.85887082081909,6.02678203616831,48752.7210497608,0.000266066202296066,2.07900999857462,-0.00383693022993001,-0.34850584285159,0.0605123889711929,1.16987652207255,0.0000932824507736384,1.28802891712974,0.00124744400630274,0.0762497343996399,0.000606148387685468,0.0450504330297035
Probolinggo,1.85885938944643,6.02678241274422,50632.6015824418,0.000265961792515997,2.15497871239375,-0.00394334028205444,-0.374268374678599,0.0618068335726974,1.23787117655922,0.000092390490406644,1.35002998172312,0.00123503093507173,0.0784577090286171,0.000487135117155528,0.0376282259277731
Pasuruan,1.85885184078659,6.02678319392129,51188.3820073272,0.000265369978547531,2.18391969085261,-0.00399137912069053,-0.387196749342509,0.0628078732139246,1.27313570968583,0.0000913320144452356,1.37449101138599,0.00124254562225551,0.0801987372558565,0.000370632269831748,0.0290880740828534
Sidoarjo,1.85885182472633,6.02678276773547,51503.5568562889,0.000266126323729324,2.19588494651461,-0.00405559797777708,-0.393672906247267,0.0628255280222919,1.2858228561632,0.000092254835675559,1.39763864394272,0.00121210366392126,0.0786961210391543,0.000415564051851474,0.0328052055475629
Mojokerto,1.85884652130978,6.02678347448359,51724.0912339515,0.000265750607761984,2.21509820773333,-0.0041094531873375,-0.404601571189545,0.0636478913878333,1.31515286755399,0.0000917017694660947,1.42090650177619,0.00120935219192313,0.0794113962060223,0.000333472401338276,0.0266242947289503
Jombang,1.85884283566812,6.02678420084402,51689.3993600957,0.000265331011513351,2.22490657116068,-0.00414521931620172,-0.411890375073797,0.0643052477591902,1.33558459617497,0.0000912094042134119,1.43539417758875,0.0012111229815768,0.0800636174609471,0.00026231001328945,0.0210837452578453
Nganjuk,1.85883725570537,6.02678586856376,51187.7167652648,0.00026440527623234,2.2320137239245,-0.00420744212112914,-0.423155211816816,0.0655380835548593,1.36867305491657,0.0000903464127807672,1.45682192829199,0.0012176123200083,0.0811429603831743,0.000125415086097272,0.010161891084012
Madiun,1.85883202745398,6.0267891996126,49585.8084015487,0.000262637655368808,2.22201287930986,-0.0042905848417656,-0.435397941730062,0.0674280491339449,1.41000119536487,0.0000891668534631751,1.47939362711358,0.00123373574574437,0.0825646947384798,-0.0000912787906273834,-0.00742743295004918
Magetan,1.8588308864648,6.0267913105266,48492.4212339234,0.000261524801878157,2.20968127729663,-0.00432292846506731,-0.439409808827497,0.0683991200180286,1.42755616571263,0.0000885465416869847,1.4861317875531,0.00124819591357794,0.0834822667997593,-0.000210750842402012,-0.0171396064678688
Ngawi,1.85883164576968,6.02678943103021,49260.0619613721,0.000262683851910657,2.21645825753122,-0.00433391386768529,-0.438129621898494,0.0676747124928366,1.4167750512202,0.000089562619216525,1.48968744455874,0.0012088383479735,0.0808187449845667,-0.0000807118627783596,-0.00656133944799713
Bojonegoro,1.85883740914972,6.02678538947649,50947.7285773549,0.0002650476014898,2.22071335825677,-0.00426738138489925,-0.424756573620601,0.0655093366088968,1.36718707314443,0.000091291121687993,1.46547090011615,0.00117874293944461,0.0781797372950349,0.000187424590658644,0.0151144391903411
Tuban,1.85884072077777,6.0267841180927,50943.389011599,0.00026597758013112,2.20137521331985,-0.00426235150930938,-0.417241909128147,0.0647491134336063,1.3404052273448,0.0000922720838423606,1.45001596092409,0.00116009737310567,0.0760552162253255,0.000297046927647657,0.023678730279075
Lamongan,1.85884703455454,6.02678308745003,51517.1778270732,0.000266308659235777,2.20437341836984,-0.00415201334660845,-0.405112910723791,0.0635738361401983,1.31132923244807,0.0000924386188614032,1.42466004614006,0.00118608955119709,0.0775107659970465,0.000378495655151843,0.0300740237600602
Gresik,1.85885144976207,6.02678256827112,51408.6338785074,0.000266525433249974,2.19147643515969,-0.00409725057858766,-0.395948835492808,0.062889457237773,1.28777385536611,0.0000927505042015801,1.40460119464803,0.00119482262294462,0.0774508688210075,0.000436938595103894,0.0344373485581733
Bangkalan,1.85885344093328,6.0267822761959,51178.4016716718,0.000266791554996762,2.17875631025097,-0.004091935918424,-0.392014337091812,0.0626100663446739,1.27548904193658,0.0000931366969029036,1.39602750301331,0.00119101857677418,0.0766998184418545,0.000473411612889,0.0370681728628769
Sampang,1.85886174813025,6.02678189287032,50440.3496089019,0.000266744257898962,2.14396081113824,-0.00398230238989475,-0.373704539221488,0.061538284972328,1.23083211457349,0.0000934393693187347,1.3535272339926,0.00121369180844111,0.0766861258779968,0.000551084181177287,0.0423363699173036
Pamekasan,1.85886550166056,6.02678175429219,49890.0303678637,0.000266790632492573,2.12108209967285,-0.00394638747107773,-0.365429925617668,0.0611055477713367,1.20915801115637,0.0000937206416077864,1.3337406914126,0.00121937089170049,0.076151324053628,0.000588817365093002,0.0447103617627403
Sumenep,1.85887320912955,6.02678149834189,48485.5997084703,0.000267026747817795,2.06414039186584,-0.00389434980071473,-0.348771049064898,0.0602927046770084,1.16285037138993,0.0000945270360167017,1.29259429892352,0.00122604665308788,0.0744117424077296,0.000668203962461781,0.0493084111815153
Kota Kediri,1.85883883039174,6.02678550424835,51327.541317605,0.000264403120847387,2.22786049057863,-0.00415932675874431,-0.417369425231024,0.0651441818332248,1.35390477513327,0.0000901691486929012,1.44074614482751,0.00123355929733185,0.0819032876875662,0.000142610888128652,0.0115128652760979
Kota Blitar,1.85884078366053,6.02678516914153,51230.5960590172,0.000264316762848709,2.21358185540287,-0.00410190612550996,-0.408874325795308,0.0647050838461056,1.33176294624591,0.000089933250356316,1.41629269326592,0.00125243344908651,0.0824621566765537,0.000160747403390984,0.0128691724395517
Kota Malang,1.85884901884456,6.0267835038642,51400.4554272798,0.000265256811787642,2.19687298500433,-0.0040242966646659,-0.393692546188254,0.063232130576438,1.29011224883056,0.000091107151329386,1.38911565152956,0.00124016494104546,0.0806261491344039,0.000330086237028488,0.0260936894936752
Kota Probolinggo,1.85885939350869,6.02678241457084,50629.9719489232,0.00026595811218586,2.15487887716603,-0.00394299348567129,-0.374225387032453,0.0618062471283941,1.23777836715453,0.0000923864572759185,1.34989028672972,0.00123516272283718,0.0784621990644312,0.000486990074380531,0.0376151732912779
Kota Pasuruan,1.85885457833079,6.02678266092097,51243.0067927633,0.00026597724080012,2.18259063211889,-0.00400405895377035,-0.386044672013546,0.0624338319532403,1.26777574107437,0.0000921687371074739,1.37841314747092,0.0012250900220769,0.0789578345917142,0.00043639104174003,0.0341981480096826
Kota Mojokerto,1.85884667169331,6.02678343779934,51720.281974672,0.000265784504580517,2.21454182799923,-0.00410976979847709,-0.404404275342714,0.0636232109396508,1.3144376365885,0.0000917457185597925,1.42067838856149,0.0012084404881904,0.0793259295636004,0.000337474693583098,0.0269351300247169
Kota Madiun,1.85883210489324,6.02678911217113,49632.1608723307,0.000262681945308431,2.22246424426095,-0.00428855872339839,-0.435153195151818,0.0673834376921496,1.40909144767942,0.000089189051632696,1.47889297486193,0.00123347803954526,0.082545762957016,-0.0000863565699860364,-0.00702675125998591
Kota Surabaya,1.85885295368055,6.02678249653971,51372.3535408751,0.000266460491796771,2.18831132296523,-0.00406876151213317,-0.392470407284464,0.0626708105144471,1.28009143938408,0.0000927048543233753,1.39649598045709,0.0012022818396035,0.0777652563486485,0.000447946463798349,0.0352284070491235
Kota Batu,1.85884749041007,6.02678363057328,51565.4315316664,0.000265305372174051,2.20665191917425,-0.00405333894495274,-0.398542862240741,0.0634780761929821,1.30235720128624,0.0000911379834303714,1.40180677669068,0.00123331723207366,0.0806080043913318,0.000314709410579076,0.0250101648268263
